,min,median,round O*NET-SOC Code
0,12.814698991437169,14.529418637782259,113031.0
1,12.090185204543802,19.315628461677914,131199.0
2,10.132057218339611,10.529279894785535,172051.0
3,14.356324333757913,17.27818848439916,172141.0
4,15.351957089920482,18.654345229216418,292099.0
